student_id,gpa_core_modules,skill_programming,skill_data_analysis,skill_design,skill_communication,interest_software,interest_data,interest_security,interest_design,interest_management,career_label,cluster
S001,2.98,5,5,7,8,4,1,3,6,8,IT Project Management,4
S002,3.07,6,3,2,2,9,5,5,1,5,DevOps & Cloud Engineering,1
S003,2.9,6,2,6,7,8,5,5,4,5,Quality Assurance/Testing,1
S004,3.16,8,4,7,6,7,6,3,4,1,Software Engineering,1
S005,3.42,7,9,5,7,6,8,6,4,8,Data Science & Analytics,0
S006,2.7,4,9,1,3,4,6,6,3,6,Database Administration,0
S007,3.39,9,5,4,4,6,7,7,3,7,Cybersecurity,2
S008,3.07,8,9,1,6,7,8,8,0,6,Database Administration,0
S009,3.05,7,9,4,9,7,9,2,1,4,Data Science & Analytics,0
S010,3.22,6,5,5,6,8,6,7,2,7,DevOps & Cloud Engineering,2
S011,3.74,6,4,3,4,10,3,6,3,3,Software Engineering,1
S012,3.75,6,4,4,4,7,4,8,4,5,Quality Assurance/Testing,2
S013,2.6,9,10,5,6,5,10,3,4,4,Data Science & Analytics,0
S014,2.75,6,7,3,8,6,8,5,3,3,Database Administration,0
S015,2.94,4,4,9,9,5,2,0,7,5,UI/UX Design,3
S016,3.09,8,2,4,7,8,2,2,5,5,Quality Assurance/Testing,1
S017,3.37,6,5,6,4,9,3,2,0,4,Quality Assurance/Testing,1
S018,3.59,6,3,1,7,10,5,8,1,6,DevOps & Cloud Engineering,2
S019,2.67,8,5,3,6,6,2,8,4,6,Cybersecurity,2
S020,3.65,7,3,5,6,10,6,5,3,2,Software Engineering,1
S021,3.16,1,2,3,7,6,3,2,6,8,IT Project Management,4
S022,3.02,10,6,3,6,9,5,6,6,4,Software Engineering,1
S023,3.33,7,5,3,9,8,4,4,3,5,Software Engineering,1
S024,3.41,9,9,1,5,7,8,4,3,3,Data Science & Analytics,0
S025,2.89,5,2,2,8,5,7,3,3,8,IT Project Management,4
S026,3.48,8,9,4,3,8,7,4,2,8,Database Administration,0
S027,3.88,8,8,0,5,6,9,5,6,5,Data Science & Analytics,0
S028,3.08,5,4,3,7,8,6,2,7,2,Quality Assurance/Testing,1
S029,3.75,8,2,4,5,7,3,7,0,8,DevOps & Cloud Engineering,2
S030,3.95,6,8,2,7,8,10,5,2,5,Data Science & Analytics,0
S031,4.0,4,10,4,5,5,10,4,1,5,Data Science & Analytics,0
S032,3.53,5,6,5,10,4,4,4,5,10,IT Project Management,4
S033,3.65,7,3,5,9,7,5,5,5,9,IT Project Management,4
S034,2.93,6,9,3,7,4,7,8,0,7,Database Administration,0
S035,3.31,4,8,1,8,7,10,5,4,6,Data Science & Analytics,0
S036,2.96,4,3,8,7,4,2,1,9,5,UI/UX Design,3
S037,3.12,7,7,3,6,8,5,4,5,2,Software Engineering,1
S038,3.41,3,1,5,8,8,5,6,5,5,Quality Assurance/Testing,1
S039,3.11,7,10,2,7,6,10,3,5,3,Data Science & Analytics,0
S040,3.35,10,3,3,6,9,4,6,2,4,Software Engineering,1
S041,2.85,6,6,4,5,5,7,9,3,3,Cybersecurity,2
S042,3.41,3,0,9,9,5,1,1,6,6,UI/UX Design,3
S043,3.3,6,2,6,5,7,8,9,2,6,Cybersecurity,2
S044,2.72,8,6,4,3,9,3,6,5,3,Software Engineering,1
S045,2.7,9,4,6,7,8,5,3,2,3,Quality Assurance/Testing,1
S046,2.53,6,8,0,5,5,9,8,3,4,Database Administration,0
S047,3.47,8,6,4,7,8,8,5,5,3,Software Engineering,1
S048,4.0,6,4,4,7,4,3,2,4,7,IT Project Management,4
S049,2.72,1,0,8,7,7,4,3,10,6,UI/UX Design,3
S050,2.84,2,4,7,4,5,2,2,8,4,UI/UX Design,3
S051,3.02,3,9,2,8,5,9,7,0,9,Database Administration,0
S052,3.03,8,3,0,4,8,4,6,3,4,DevOps & Cloud Engineering,2
S053,3.12,8,2,5,8,3,3,9,1,4,Cybersecurity,2
S054,3.64,5,3,9,6,2,4,4,6,10,IT Project Management,4
S055,3.23,7,5,5,6,8,5,2,4,6,Quality Assurance/Testing,1
S056,4.0,6,6,1,3,5,9,7,3,4,Data Science & Analytics,0
S057,2.9,4,4,3,6,3,5,6,8,9,IT Project Management,4
S058,3.01,8,3,2,7,7,4,10,4,3,Cybersecurity,2
S059,2.27,6,6,6,7,10,2,6,0,5,DevOps & Cloud Engineering,1
S060,3.31,5,9,3,5,7,6,9,1,5,Cybersecurity,0
S061,2.75,3,2,8,6,3,1,3,7,3,UI/UX Design,3
S062,2.96,4,6,4,10,1,4,5,7,8,IT Project Management,4
S063,3.22,8,5,4,4,9,4,6,3,3,Software Engineering,1
S064,3.29,6,9,4,6,9,5,5,3,3,Software Engineering,1
S065,3.73,6,2,4,6,10,2,10,4,6,DevOps & Cloud Engineering,2
S066,3.12,3,2,10,8,2,1,2,10,3,UI/UX Design,3
S067,3.79,4,3,2,10,8,5,4,2,7,DevOps & Cloud Engineering,4
S068,2.9,5,5,5,6,9,2,5,5,5,Quality Assurance/Testing,1
S069,3.75,5,4,6,10,4,2,6,4,10,IT Project Management,4
S070,3.5,2,6,2,6,3,5,4,4,10,IT Project Management,4
S071,3.88,7,4,5,6,4,3,9,2,5,Cybersecurity,2
S072,3.38,6,5,0,8,9,4,8,4,8,DevOps & Cloud Engineering,2
S073,3.67,4,6,4,6,3,4,4,6,9,IT Project Management,4
S074,3.43,4,8,3,5,6,6,7,2,3,Cybersecurity,0
S075,3.45,5,1,2,4,5,5,9,1,6,DevOps & Cloud Engineering,2
S076,3.85,8,10,1,5,6,9,5,3,2,Data Science & Analytics,0
S077,3.28,8,5,5,7,7,4,5,4,5,Quality Assurance/Testing,1
S078,3.93,7,10,3,8,6,8,5,1,5,Data Science & Analytics,0
S079,3.41,3,0,10,9,1,2,4,10,5,UI/UX Design,3
S080,3.51,9,5,6,5,10,8,4,3,6,Software Engineering,1
S081,3.9,4,4,5,10,3,5,6,6,9,IT Project Management,4
S082,2.43,2,2,6,9,3,7,3,7,10,IT Project Management,4
S083,3.13,7,5,5,6,6,5,10,2,3,DevOps & Cloud Engineering,2
S084,3.27,8,8,4,6,4,10,7,2,3,Data Science & Analytics,0
S085,3.37,8,5,4,5,8,5,4,5,4,Software Engineering,1
S086,3.73,5,3,4,5,6,6,10,3,5,Cybersecurity,2
S087,3.33,6,5,3,5,7,4,10,4,5,Cybersecurity,2
S088,3.08,3,0,10,8,7,2,2,9,6,UI/UX Design,3
S089,2.86,8,5,3,6,8,5,3,4,8,Quality Assurance/Testing,1
S090,2.91,6,9,1,5,2,9,8,0,4,Database Administration,0
S091,3.34,9,3,4,7,9,3,6,0,5,DevOps & Cloud Engineering,1
S092,3.5,8,7,5,6,8,10,5,4,5,Data Science & Analytics,0
S093,3.21,3,4,10,8,2,1,1,7,6,UI/UX Design,3
S094,3.35,8,9,3,6,5,10,3,5,2,Data Science & Analytics,0
S095,3.78,9,5,4,4,9,7,4,6,4,Software Engineering,1
S096,2.7,6,10,3,4,6,10,7,2,4,Database Administration,0
S097,4.0,8,8,7,7,9,10,5,2,4,Data Science & Analytics,0
S098,2.85,3,0,8,8,6,6,2,8,5,UI/UX Design,3
S099,2.8,10,4,3,6,5,5,3,6,5,Quality Assurance/Testing,1
S100,2.81,5,4,5,9,7,6,7,2,7,DevOps & Cloud Engineering,2
S101,3.09,5,10,3,7,5,10,2,1,6,Data Science & Analytics,0
S102,3.73,7,7,3,6,8,6,4,1,4,Data Science & Analytics,1
S103,2.85,5,8,5,3,5,6,9,0,3,Cybersecurity,2
S104,3.7,6,2,2,8,9,3,6,2,9,DevOps & Cloud Engineering,2
S105,3.21,10,5,6,5,9,3,6,4,3,Software Engineering,1
S106,3.06,4,2,10,4,8,1,3,8,5,UI/UX Design,3
S107,3.04,3,3,6,10,2,4,4,5,9,IT Project Management,4
S108,3.84,10,6,2,8,7,5,4,4,4,Software Engineering,1
S109,2.87,6,3,4,9,8,4,5,5,4,Quality Assurance/Testing,1
S110,3.45,6,3,2,5,10,3,5,2,3,Software Engineering,1
S111,3.12,7,10,4,10,6,7,4,0,3,Data Science & Analytics,0
S112,3.44,5,5,5,9,4,3,4,2,9,IT Project Management,4
S113,3.21,3,6,10,7,3,2,2,9,6,UI/UX Design,3
S114,2.81,5,7,5,9,3,6,4,4,9,IT Project Management,4
S115,3.7,10,10,4,4,7,10,4,3,6,Data Science & Analytics,0
S116,2.91,8,5,5,4,6,4,10,0,4,Cybersecurity,2
S117,3.17,9,3,3,3,5,6,7,3,2,Cybersecurity,2
S118,3.53,8,6,3,4,6,6,7,4,3,Software Engineering,2
S119,3.67,7,10,1,4,8,7,2,1,7,Data Science & Analytics,0
S120,3.09,1,2,10,4,5,4,0,10,5,UI/UX Design,3
S121,3.45,3,10,3,5,3,10,6,2,6,Database Administration,0
S122,2.89,4,8,3,5,7,7,6,1,6,Database Administration,0
S123,2.5,6,3,2,5,5,4,2,3,6,Quality Assurance/Testing,1
S124,3.76,10,9,4,6,6,10,4,3,4,Data Science & Analytics,0
S125,3.23,5,3,3,7,8,4,5,1,5,Quality Assurance/Testing,1
S126,4.0,4,3,6,5,4,3,3,6,9,IT Project Management,4
S127,3.26,6,3,5,7,7,2,2,2,5,Quality Assurance/Testing,1
S128,3.46,7,4,4,5,9,5,5,5,6,Software Engineering,1
S129,3.2,1,3,10,6,6,0,4,6,8,UI/UX Design,3
S130,3.55,5,4,5,8,4,5,3,5,7,IT Project Management,4
S131,3.77,7,3,5,4,8,5,8,3,3,Software Engineering,2
S132,2.92,5,8,5,3,3,10,6,1,7,Database Administration,0
S133,3.53,8,6,3,6,10,4,2,5,4,Software Engineering,1
S134,2.72,4,4,8,9,4,4,3,4,10,IT Project Management,4
S135,2.67,3,10,2,5,4,8,5,2,5,Database Administration,0
S136,2.43,8,4,4,9,8,5,7,3,6,Quality Assurance/Testing,2
S137,2.99,4,4,5,5,8,3,4,5,2,Quality Assurance/Testing,1
S138,3.83,7,8,3,6,6,7,5,3,4,Data Science & Analytics,0
S139,3.52,6,3,5,4,9,5,4,3,5,Software Engineering,1
S140,3.16,2,1,10,9,4,2,5,9,8,UI/UX Design,3
S141,3.27,3,4,7,9,2,5,5,4,10,IT Project Management,4
S142,3.72,6,5,1,6,8,4,7,2,6,Cybersecurity,2
S143,3.19,6,9,3,7,6,8,8,0,5,Database Administration,0
S144,3.89,3,4,6,7,1,2,6,4,10,IT Project Management,4
S145,2.88,6,9,1,5,4,10,8,1,6,Database Administration,0
S146,3.45,5,5,5,3,8,3,3,3,5,Quality Assurance/Testing,1
S147,3.31,4,1,8,7,7,3,1,9,2,UI/UX Design,3
S148,3.66,4,9,3,5,4,10,3,1,0,Data Science & Analytics,0
S149,2.91,6,8,1,5,6,7,5,0,2,Database Administration,0
S150,3.19,8,5,2,3,7,5,5,5,4,Software Engineering,1
S151,3.79,8,9,7,5,7,7,2,2,6,Data Science & Analytics,0
S152,3.48,10,3,4,7,10,5,4,3,4,Software Engineering,1
S153,3.01,8,9,1,5,5,8,8,1,7,Database Administration,0
S154,3.76,4,3,5,8,5,3,3,7,8,IT Project Management,4
S155,2.71,7,10,3,8,8,8,5,1,3,Database Administration,0
S156,3.32,6,4,5,5,4,6,8,5,6,Cybersecurity,2
S157,2.74,5,4,6,10,1,5,2,6,9,IT Project Management,4
S158,2.98,6,5,4,5,4,4,9,2,4,Cybersecurity,2
S159,2.68,6,7,4,4,6,7,6,1,3,Database Administration,0
S160,3.34,7,5,5,3,8,7,9,0,3,Cybersecurity,2
S161,3.65,7,7,3,5,8,9,5,4,2,Data Science & Analytics,0
S162,2.59,6,4,7,9,4,5,3,7,7,IT Project Management,4
S163,2.63,4,3,8,6,2,4,1,9,4,UI/UX Design,3
S164,3.65,10,6,4,7,10,5,4,6,4,Software Engineering,1
S165,2.9,4,4,6,7,7,5,3,5,6,Quality Assurance/Testing,4
S166,3.66,6,5,2,7,7,3,7,0,6,DevOps & Cloud Engineering,2
S167,3.46,9,4,4,6,9,4,10,0,3,Cybersecurity,2
S168,3.13,8,7,2,6,6,8,8,0,6,Database Administration,0
S169,2.97,4,1,8,6,3,2,3,10,6,UI/UX Design,3
S170,2.81,4,4,1,10,4,6,5,8,9,IT Project Management,4
S171,3.14,5,8,2,1,3,10,5,0,3,Database Administration,0
S172,3.03,1,2,8,7,6,0,2,9,5,UI/UX Design,3
S173,3.64,6,6,3,5,8,4,7,3,6,DevOps & Cloud Engineering,2
S174,2.75,4,5,3,7,10,5,6,2,5,DevOps & Cloud Engineering,1
S175,3.93,5,10,5,6,5,10,4,0,3,Data Science & Analytics,0
S176,3.47,9,3,6,6,9,6,5,5,4,Software Engineering,1
S177,3.53,4,4,9,7,7,1,2,10,4,UI/UX Design,3
S178,2.32,7,9,4,6,6,10,5,1,3,Database Administration,0
S179,3.04,8,8,0,8,7,9,3,5,9,Data Science & Analytics,0
S180,2.56,3,2,10,9,6,1,2,6,3,UI/UX Design,3
S181,3.14,8,8,4,4,5,6,6,2,5,Database Administration,0
S182,2.76,6,2,2,5,6,5,10,0,2,Cybersecurity,2
S183,4.0,3,3,3,6,9,5,5,4,3,Quality Assurance/Testing,1
S184,2.41,5,2,5,10,3,0,4,7,10,IT Project Management,4
S185,4.0,7,9,3,7,6,9,2,0,6,Data Science & Analytics,0
S186,3.06,4,3,6,9,2,4,5,5,10,IT Project Management,4
S187,4.0,5,6,6,7,6,10,3,3,5,Data Science & Analytics,0
S188,3.21,4,3,9,7,4,2,4,10,0,UI/UX Design,3
S189,3.39,5,10,3,7,6,10,5,4,5,Database Administration,0
S190,2.99,8,6,4,6,5,6,10,3,5,Cybersecurity,2
S191,3.51,6,8,4,7,3,10,7,2,5,Data Science & Analytics,0
S192,3.86,8,7,2,5,5,10,4,3,1,Data Science & Analytics,0
S193,2.81,8,7,3,7,8,5,7,4,6,Software Engineering,2
S194,2.56,4,3,10,7,6,0,2,8,5,UI/UX Design,3
S195,3.42,5,3,3,10,5,5,4,4,10,IT Project Management,4
S196,3.43,5,7,2,3,4,7,7,2,5,Database Administration,0
S197,2.55,5,4,4,7,8,5,8,1,5,DevOps & Cloud Engineering,2
S198,3.28,7,3,5,5,6,4,9,3,4,Cybersecurity,2
S199,2.97,5,2,8,7,4,0,4,8,6,UI/UX Design,3
S200,3.52,6,9,0,3,6,9,5,1,7,Database Administration,0
S201,3.06,2,6,8,9,5,2,4,9,3,UI/UX Design,3
S202,2.69,5,4,0,7,4,4,7,3,6,DevOps & Cloud Engineering,2
S203,3.56,2,0,9,6,3,2,4,9,3,UI/UX Design,3
S204,3.26,7,5,6,4,7,5,5,4,4,Software Engineering,1
S205,3.03,7,5,4,5,10,5,4,4,4,Software Engineering,1
S206,3.41,4,4,4,8,3,5,3,6,10,IT Project Management,4
S207,3.21,8,7,4,5,7,5,10,2,3,Cybersecurity,2
S208,3.27,10,7,3,9,6,9,3,3,6,Data Science & Analytics,0
S209,3.53,5,10,3,7,6,8,5,3,4,Data Science & Analytics,0
S210,3.22,4,3,3,8,4,4,4,6,8,IT Project Management,4
S211,3.74,6,6,3,5,7,6,10,0,3,Cybersecurity,2
S212,2.82,8,7,4,5,6,3,10,3,3,Cybersecurity,2
S213,2.76,7,3,2,10,5,7,4,4,4,Quality Assurance/Testing,1
S214,4.0,6,10,1,8,4,8,3,1,4,Data Science & Analytics,0
S215,3.58,7,4,2,7,10,2,4,4,4,Software Engineering,1
S216,3.12,5,4,7,7,4,2,5,6,8,IT Project Management,4
S217,2.45,5,3,8,6,4,3,3,10,3,UI/UX Design,3
S218,3.64,9,8,1,7,2,8,2,1,3,Data Science & Analytics,0
S219,3.64,6,3,6,6,8,4,8,1,3,Cybersecurity,2
S220,2.96,6,7,6,9,3,3,5,6,10,IT Project Management,4
S221,3.07,10,6,3,4,6,7,9,1,5,Cybersecurity,2
S222,3.83,9,6,4,8,10,4,6,3,5,Software Engineering,1
S223,3.56,5,5,5,8,5,4,4,0,6,DevOps & Cloud Engineering,4
S224,2.88,3,0,8,8,5,3,2,9,3,UI/UX Design,3
S225,2.79,7,5,3,7,8,6,8,1,4,Cybersecurity,2
S226,3.54,9,8,1,3,3,10,4,4,4,Database Administration,0
S227,2.53,7,7,2,7,3,8,6,3,6,Database Administration,0
S228,3.06,2,3,5,8,3,5,4,5,8,IT Project Management,4
S229,3.45,7,5,5,7,7,5,3,4,3,Software Engineering,1
S230,2.9,7,10,1,6,7,9,4,3,3,Data Science & Analytics,0
S231,3.05,2,4,10,9,1,5,1,10,8,UI/UX Design,3
S232,3.61,7,6,4,6,4,7,10,2,4,Cybersecurity,2
S233,3.03,4,3,10,6,5,2,5,8,6,UI/UX Design,3
S234,3.13,3,0,8,10,3,2,2,10,6,UI/UX Design,3
S235,3.22,8,10,4,6,6,9,5,1,3,Data Science & Analytics,0
S236,3.17,8,6,5,6,10,6,3,5,5,Software Engineering,1
S237,3.49,5,6,1,4,7,7,8,2,6,Database Administration,2
S238,2.45,3,9,2,4,2,7,6,3,5,Database Administration,0
S239,3.59,2,4,5,10,4,5,5,7,9,IT Project Management,4
S240,2.97,7,9,6,4,7,6,6,5,4,Software Engineering,0
S241,3.23,8,2,3,6,5,3,6,6,5,Quality Assurance/Testing,2
S242,3.27,4,3,7,7,5,3,5,3,10,IT Project Management,4
S243,3.84,3,4,7,8,5,1,5,7,8,IT Project Management,4
S244,2.92,5,5,3,9,7,3,8,4,7,Cybersecurity,2
S245,3.41,5,3,8,8,5,5,1,4,9,IT Project Management,4
S246,3.3,3,3,4,10,3,3,2,5,9,IT Project Management,4
S247,3.81,8,4,7,6,10,6,6,5,6,Software Engineering,1
S248,3.15,7,4,6,9,6,2,4,3,5,Quality Assurance/Testing,1
S249,2.74,5,8,1,6,4,8,8,2,6,Database Administration,0
S250,3.18,9,2,2,4,6,4,6,5,6,DevOps & Cloud Engineering,2
